{
  "results": [
    [
      10,
      {
        "n_spins": 10,
        "n_ising_spins": 0,
        "n_local_minima": 4,
        "min_barrier": 0.8604651162790697,
        "mean_barrier": 1.465116279069767,
        "max_barrier": 2.3333333333333326,
        "median_barrier": 1.666666666666666,
        "ground_state_energy": -6.166666666666666,
        "first_excited_energy": 0.0,
        "spectral_gap": 0.9166666666666666
      }
    ],
    [
      15,
      {
        "n_spins": 15,
        "n_ising_spins": 0,
        "n_local_minima": 5,
        "min_barrier": 0.48148148148148173,
        "mean_barrier": 1.7374756335282648,
        "max_barrier": 2.3684210526315788,
        "median_barrier": 2.333333333333332,
        "ground_state_energy": -10.583333333333332,
        "first_excited_energy": 0.0,
        "spectral_gap": 0.16666666666666652
      }
    ],
    [
      20,
      {
        "n_spins": 20,
        "n_ising_spins": 0,
        "n_local_minima": 19,
        "min_barrier": 0.7961904761904752,
        "mean_barrier": 2.770314200866559,
        "max_barrier": 8.666666666666664,
        "median_barrier": 1.718562874251496,
        "ground_state_energy": -12.083333333333334,
        "first_excited_energy": 0.0,
        "spectral_gap": 0.06666666666666785
      }
    ],
    [
      30,
      {
        "n_spins": 30,
        "n_ising_spins": 0,
        "n_local_minima": 46,
        "min_barrier": 1.6609195402298822,
        "mean_barrier": 2.121055923874845,
        "max_barrier": 2.8759689922480614,
        "median_barrier": 2.0231729055258474,
        "ground_state_energy": -18.333333333333336,
        "first_excited_energy": 0.0,
        "spectral_gap": 0.0833333333333357
      }
    ],
    [
      50,
      {
        "n_spins": 50,
        "n_ising_spins": 0,
        "n_local_minima": 153,
        "min_barrier": 0.5000000000000012,
        "mean_barrier": 1.60934152487008,
        "max_barrier": 2.343859649122806,
        "median_barrier": 1.6980802792321095,
        "ground_state_energy": -31.616666666666664,
        "first_excited_energy": 0.0,
        "spectral_gap": 0.19999999999999857
      }
    ],
    [
      75,
      {
        "n_spins": 75,
        "n_ising_spins": 0,
        "n_local_minima": 581,
        "min_barrier": 1.2783687943262416,
        "mean_barrier": 1.8703518321147492,
        "max_barrier": 2.349999999999999,
        "median_barrier": 1.9410774410774407,
        "ground_state_energy": -45.6,
        "first_excited_energy": 0.0,
        "spectral_gap": 2.842170943040401e-15
      }
    ],
    [
      100,
      {
        "n_spins": 100,
        "n_ising_spins": 0,
        "n_local_minima": 921,
        "min_barrier": 1.5751295336787559,
        "mean_barrier": 2.084872644199473,
        "max_barrier": 2.5363790186125215,
        "median_barrier": 2.14983164983165,
        "ground_state_energy": -62.85000000000001,
        "first_excited_energy": 0.0,
        "spectral_gap": 1.4210854715202005e-15
      }
    ]
  ],
  "fit_mean": {
    "alpha": 0.04666681642628449,
    "alpha_stderr": 0.10827313084310841,
    "intercept": 0.48722766426717584,
    "r_squared": 0.035822981638770846,
    "n_points": 7,
    "ci_lower": -0.23170340297134726,
    "ci_upper": 0.32503703582391624
  },
  "fit_max": {
    "alpha": -0.12210715469633798,
    "alpha_stderr": 0.24633848640145026,
    "intercept": 1.5032141134667185,
    "r_squared": 0.046839650861299154,
    "n_points": 7,
    "ci_lower": -0.7554434032344666,
    "ci_upper": 0.5112290938417907
  },
  "fit_gap": {
    "alpha": -0.8514213427918942,
    "alpha_stderr": 0.8213569503744331,
    "intercept": 0.8724517075803536,
    "r_squared": 0.26372173201496796,
    "n_points": 5,
    "ci_lower": -3.4649791588833403,
    "ci_upper": 1.762136473299552
  }
}