{
  "n_spins": 10000,
  "n_minima": 328,
  "overlap_distribution": [
    [
      -0.98,
      0.0
    ],
    [
      -0.94,
      0.0
    ],
    [
      -0.9,
      0.0
    ],
    [
      -0.86,
      0.0
    ],
    [
      -0.8200000000000001,
      0.0
    ],
    [
      -0.78,
      0.0
    ],
    [
      -0.74,
      0.0
    ],
    [
      -0.7,
      0.0
    ],
    [
      -0.6599999999999999,
      0.0
    ],
    [
      -0.62,
      0.0
    ],
    [
      -0.5800000000000001,
      0.0
    ],
    [
      -0.54,
      0.0
    ],
    [
      -0.5,
      0.0
    ],
    [
      -0.45999999999999996,
      0.0
    ],
    [
      -0.42000000000000004,
      0.0
    ],
    [
      -0.38,
      0.0
    ],
    [
      -0.33999999999999997,
      0.0
    ],
    [
      -0.30000000000000004,
      0.0
    ],
    [
      -0.26,
      0.0
    ],
    [
      -0.21999999999999997,
      0.0
    ],
    [
      -0.18000000000000005,
      0.0
    ],
    [
      -0.14,
      0.0
    ],
    [
      -0.09999999999999998,
      0.0
    ],
    [
      -0.06000000000000005,
      0.0
    ],
    [
      -0.020000000000000018,
      0.0
    ],
    [
      0.020000000000000018,
      0.0
    ],
    [
      0.06000000000000005,
      0.0
    ],
    [
      0.10000000000000009,
      0.0
    ],
    [
      0.1399999999999999,
      0.0
    ],
    [
      0.17999999999999994,
      0.0
    ],
    [
      0.21999999999999997,
      0.0
    ],
    [
      0.26,
      0.0
    ],
    [
      0.30000000000000004,
      0.0
    ],
    [
      0.3400000000000001,
      0.0
    ],
    [
      0.3799999999999999,
      0.0
    ],
    [
      0.41999999999999993,
      0.0
    ],
    [
      0.45999999999999996,
      0.0
    ],
    [
      0.5,
      0.0
    ],
    [
      0.54,
      0.0
    ],
    [
      0.5800000000000001,
      0.0
    ],
    [
      0.6200000000000001,
      0.0
    ],
    [
      0.6599999999999999,
      0.0292
    ],
    [
      0.7,
      0.8304
    ],
    [
      0.74,
      0.0844
    ],
    [
      0.78,
      0.0536
    ],
    [
      0.8200000000000001,
      0.0004
    ],
    [
      0.8600000000000001,
      0.0002
    ],
    [
      0.8999999999999999,
      0.0006
    ],
    [
      0.94,
      0.001
    ],
    [
      0.98,
      0.0002
    ]
  ],
  "mean_overlap": 0.7074097000000004,
  "overlap_variance": 0.0005304487259100006,
  "q_ea": 0.5009589323799991,
  "is_rsb": false,
  "n_peaks": 1,
  "inter_cluster_q": 0.809036,
  "intra_cluster_q": 0.0,
  "parisi_parameter": 0.003048780487804878
}