{
  "sizes": [
    100,
    500,
    1000,
    5000,
    10000
  ],
  "results": [
    {
      "n_spins": 100,
      "n_minima": 314,
      "overlap_distribution": [
        [
          -0.98,
          0.0
        ],
        [
          -0.94,
          0.0
        ],
        [
          -0.9,
          0.0
        ],
        [
          -0.86,
          0.0
        ],
        [
          -0.8200000000000001,
          0.0
        ],
        [
          -0.78,
          0.0
        ],
        [
          -0.74,
          0.0
        ],
        [
          -0.7,
          0.0
        ],
        [
          -0.6599999999999999,
          0.0
        ],
        [
          -0.62,
          0.0
        ],
        [
          -0.5800000000000001,
          0.0
        ],
        [
          -0.54,
          0.0
        ],
        [
          -0.5,
          0.0
        ],
        [
          -0.45999999999999996,
          0.0
        ],
        [
          -0.42000000000000004,
          0.0
        ],
        [
          -0.38,
          0.0
        ],
        [
          -0.33999999999999997,
          0.0
        ],
        [
          -0.30000000000000004,
          0.0
        ],
        [
          -0.26,
          0.0
        ],
        [
          -0.21999999999999997,
          0.0
        ],
        [
          -0.18000000000000005,
          0.0
        ],
        [
          -0.14,
          0.0
        ],
        [
          -0.09999999999999998,
          0.0
        ],
        [
          -0.06000000000000005,
          0.0
        ],
        [
          -0.020000000000000018,
          0.0
        ],
        [
          0.020000000000000018,
          0.0
        ],
        [
          0.06000000000000005,
          0.0
        ],
        [
          0.10000000000000009,
          0.0
        ],
        [
          0.1399999999999999,
          0.0
        ],
        [
          0.17999999999999994,
          0.0
        ],
        [
          0.21999999999999997,
          0.0
        ],
        [
          0.26,
          0.0
        ],
        [
          0.30000000000000004,
          0.0
        ],
        [
          0.3400000000000001,
          0.001
        ],
        [
          0.3799999999999999,
          0.0012
        ],
        [
          0.41999999999999993,
          0.0012
        ],
        [
          0.45999999999999996,
          0.0038
        ],
        [
          0.5,
          0.009
        ],
        [
          0.54,
          0.024
        ],
        [
          0.5800000000000001,
          0.0436
        ],
        [
          0.6200000000000001,
          0.0796
        ],
        [
          0.6599999999999999,
          0.1206
        ],
        [
          0.7,
          0.1694
        ],
        [
          0.74,
          0.1544
        ],
        [
          0.78,
          0.1522
        ],
        [
          0.8200000000000001,
          0.1174
        ],
        [
          0.8600000000000001,
          0.071
        ],
        [
          0.8999999999999999,
          0.0348
        ],
        [
          0.94,
          0.014
        ],
        [
          0.98,
          0.0028
        ]
      ],
      "mean_overlap": 0.7222799999999996,
      "overlap_variance": 0.009039601599999943,
      "q_ea": 0.5307280000000013,
      "is_rsb": false,
      "n_peaks": 1,
      "inter_cluster_q": 0.8188977777777723,
      "intra_cluster_q": 0.8631111111111115,
      "parisi_parameter": 0.14331210191082802
    },
    {
      "n_spins": 500,
      "n_minima": 526,
      "overlap_distribution": [
        [
          -0.98,
          0.0
        ],
        [
          -0.94,
          0.0
        ],
        [
          -0.9,
          0.0
        ],
        [
          -0.86,
          0.0
        ],
        [
          -0.8200000000000001,
          0.0
        ],
        [
          -0.78,
          0.0
        ],
        [
          -0.74,
          0.0
        ],
        [
          -0.7,
          0.0
        ],
        [
          -0.6599999999999999,
          0.0
        ],
        [
          -0.62,
          0.0
        ],
        [
          -0.5800000000000001,
          0.0
        ],
        [
          -0.54,
          0.0
        ],
        [
          -0.5,
          0.0
        ],
        [
          -0.45999999999999996,
          0.0
        ],
        [
          -0.42000000000000004,
          0.0
        ],
        [
          -0.38,
          0.0
        ],
        [
          -0.33999999999999997,
          0.0
        ],
        [
          -0.30000000000000004,
          0.0
        ],
        [
          -0.26,
          0.0
        ],
        [
          -0.21999999999999997,
          0.0
        ],
        [
          -0.18000000000000005,
          0.0
        ],
        [
          -0.14,
          0.0
        ],
        [
          -0.09999999999999998,
          0.0
        ],
        [
          -0.06000000000000005,
          0.0
        ],
        [
          -0.020000000000000018,
          0.0
        ],
        [
          0.020000000000000018,
          0.0
        ],
        [
          0.06000000000000005,
          0.0
        ],
        [
          0.10000000000000009,
          0.0
        ],
        [
          0.1399999999999999,
          0.0
        ],
        [
          0.17999999999999994,
          0.0
        ],
        [
          0.21999999999999997,
          0.0
        ],
        [
          0.26,
          0.0
        ],
        [
          0.30000000000000004,
          0.0
        ],
        [
          0.3400000000000001,
          0.0
        ],
        [
          0.3799999999999999,
          0.0
        ],
        [
          0.41999999999999993,
          0.0
        ],
        [
          0.45999999999999996,
          0.0
        ],
        [
          0.5,
          0.0002
        ],
        [
          0.54,
          0.0018
        ],
        [
          0.5800000000000001,
          0.0074
        ],
        [
          0.6200000000000001,
          0.0382
        ],
        [
          0.6599999999999999,
          0.1222
        ],
        [
          0.7,
          0.2666
        ],
        [
          0.74,
          0.3056
        ],
        [
          0.78,
          0.1852
        ],
        [
          0.8200000000000001,
          0.0612
        ],
        [
          0.8600000000000001,
          0.01
        ],
        [
          0.8999999999999999,
          0.0014
        ],
        [
          0.94,
          0.0
        ],
        [
          0.98,
          0.0002
        ]
      ],
      "mean_overlap": 0.7231979999999999,
      "overlap_variance": 0.0025169647959999825,
      "q_ea": 0.5255323120000013,
      "is_rsb": false,
      "n_peaks": 1,
      "inter_cluster_q": 0.8396400000000002,
      "intra_cluster_q": 0.9846666666666667,
      "parisi_parameter": 0.0076045627376425855
    },
    {
      "n_spins": 1000,
      "n_minima": 278,